Date,Ticker,Open,High,Low,Close,Volume,PE,EPS
11/24/2025,HBL,290.5,291.8,288.5,291.15,1850000,8.1,35.95
11/25/2025,HBL,291.15,292.5,290,291.85,1780000,8.12,35.95
11/26/2025,HBL,291.85,294.1,290.9,293.9,1950000,8.18,35.95
11/27/2025,HBL,293.9,294.5,292.8,293.1,1650000,8.15,35.95
11/28/2025,HBL,293.1,295.2,292.5,294.8,2100000,8.2,35.95
11/24/2025,LUCK,425,428.5,423.1,427.9,650000,11.55,37.05
11/25/2025,LUCK,427.9,429.5,425,428.8,610000,11.57,37.05
11/26/2025,LUCK,428.8,430.2,426.5,429.5,720000,11.59,37.05
11/27/2025,LUCK,429.5,431.1,428,430.15,580000,11.61,37.05
11/28/2025,LUCK,430.15,432,429,431.5,750000,11.64,37.05
11/24/2025,OGDC,255,256.5,253.5,255.9,3500000,5.8,44.12
11/25/2025,OGDC,255.9,256.9,254.8,255.1,3200000,5.78,44.12
11/26/2025,OGDC,255.1,257.5,254.5,256.9,3800000,5.82,44.12
11/27/2025,OGDC,256.9,257.9,255.5,257.4,3000000,5.83,44.12
11/28/2025,OGDC,257.4,259,256,258.8,4100000,5.87,44.12
11/24/2025,PSO,450,452.2,448,451.9,1550000,6.45,69.92
11/25/2025,PSO,451.9,453.5,450.5,453,1450000,6.48,69.92
11/26/2025,PSO,453,454.8,451.5,454.5,1650000,6.5,69.92
11/27/2025,PSO,454.5,456,453,455.1,1350000,6.51,69.92
11/28/2025,PSO,455.1,457.1,454,456.5,1750000,6.53,69.92
11/24/2025,ENGRO,210,211.5,208.5,211.2,950000,7.9,26.73
11/25/2025,ENGRO,211.2,212.8,210,212.5,910000,7.95,26.73
11/26/2025,ENGRO,212.5,214,211.5,213.7,1020000,8,26.73
11/27/2025,ENGRO,213.7,214.5,212.5,214,850000,8.01,26.73
11/28/2025,ENGRO,214,215.5,213,215.3,1100000,8.05,26.73
11/24/2025,UBL,370,371.5,368.5,371.1,880000,7.4,50.15
11/25/2025,UBL,371.1,372.5,370,371.9,850000,7.42,50.15
11/26/2025,UBL,371.9,373.9,370.8,373.5,920000,7.45,50.15
11/27/2025,UBL,373.5,374.5,372,374.2,810000,7.46,50.15
11/28/2025,UBL,374.2,375.8,373,375.5,950000,7.49,50.15
11/24/2025,MCB,350,351.5,348.5,351.2,750000,6.9,50.87
11/25/2025,MCB,351.2,352.5,350,351.9,720000,6.92,50.87
11/26/2025,MCB,351.9,353.9,350.8,353.5,780000,6.95,50.87
11/27/2025,MCB,353.5,354.5,352,354.2,690000,6.96,50.87
11/28/2025,MCB,354.2,355.8,353,355.5,850000,6.99,50.87
11/24/2025,FFC,560,562.5,558,561.9,1200000,9.3,60.42
11/25/2025,FFC,561.9,563.5,560,562.8,1150000,9.31,60.42
11/26/2025,FFC,562.8,564.8,561.5,564.2,1300000,9.34,60.42
11/27/2025,FFC,564.2,565.5,562.8,564.8,1050000,9.35,60.42
11/28/2025,FFC,564.8,566.5,563.5,566.1,1400000,9.37,60.42
11/24/2025,HUBC,215,216.5,213.5,216.1,1150000,8.85,24.41
11/25/2025,HUBC,216.1,217.5,214.8,216.8,1100000,8.88,24.41
11/26/2025,HUBC,216.8,218.8,215.5,218,1250000,8.93,24.41
11/27/2025,HUBC,218,219.5,216.5,218.5,1050000,8.95,24.41
11/28/2025,HUBC,218.5,220,217.5,219.8,1350000,9,24.41
11/24/2025,BAHL,180,181.5,178.5,181.2,550000,5,36.24
11/25/2025,BAHL,181.2,182.5,180,181.9,520000,5.02,36.24
11/26/2025,BAHL,181.9,183.9,180.8,183.5,600000,5.06,36.24
11/27/2025,BAHL,183.5,184.5,182,184,480000,5.07,36.24
11/28/2025,BAHL,184,185.5,183,185.1,650000,5.11,36.24
11/24/2025,TRG,70,70.8,69.5,70.5,5500000,15.1,4.67
11/25/2025,TRG,70.5,71.2,70,70.9,5200000,15.18,4.67
11/26/2025,TRG,70.9,71.9,70.5,71.6,5800000,15.33,4.67
11/27/2025,TRG,71.6,72.5,71,71.95,4900000,15.41,4.67
11/28/2025,TRG,71.95,72.8,71.5,72.5,6200000,15.52,4.67
11/24/2025,NML,140,141.5,138.5,141.1,450000,6.5,21.7
11/25/2025,NML,141.1,142.5,140,141.8,420000,6.53,21.7
11/26/2025,NML,141.8,143.5,140.8,143,480000,6.59,21.7
11/27/2025,NML,143,144.5,141.5,143.6,390000,6.62,21.7
11/28/2025,NML,143.6,145.2,142.5,144.9,550000,6.68,21.7
11/24/2025,SYS,145,146.5,143.5,146.1,150000,28.5,5.12
11/25/2025,SYS,146.1,147.5,144.8,147,145000,28.69,5.12
11/26/2025,SYS,147,148.9,145.5,148.5,160000,29,5.12
11/27/2025,SYS,148.5,150,147,149.2,135000,29.14,5.12
11/28/2025,SYS,149.2,150.5,148,150.3,170000,29.35,5.12
11/24/2025,MEBL,415,416.5,413.5,416.1,380000,10.05,41.45
11/25/2025,MEBL,416.1,417.5,414.8,417,360000,10.07,41.45
11/26/2025,MEBL,417,418.9,415.5,418.5,400000,10.1,41.45
11/27/2025,MEBL,418.5,420,417,419.2,340000,10.11,41.45
11/28/2025,MEBL,419.2,420.5,418,420.3,420000,10.14,41.45
11/24/2025,PAKT,1570,1575,1565,1573.5,15000,25.5,61.71
11/25/2025,PAKT,1573.5,1577,1570,1575.2,14500,25.53,61.71
11/26/2025,PAKT,1575.2,1580,1572,1578.5,16000,25.58,61.71
11/27/2025,PAKT,1578.5,1582,1575,1580.1,13500,25.6,61.71
11/28/2025,PAKT,1580.1,1585,1577,1583.5,17000,25.65,61.71
11/24/2025,PPL,200,201.5,198.5,201.1,2500000,5.2,38.67
11/25/2025,PPL,201.1,202.5,200,201.9,2400000,5.22,38.67
11/26/2025,PPL,201.9,203.9,200.8,203.5,2600000,5.26,38.67
11/27/2025,PPL,203.5,204.5,202,204.1,2200000,5.28,38.67
11/28/2025,PPL,204.1,205.8,203,205.5,2800000,5.31,38.67
11/24/2025,BAFL,102,102.8,101.5,102.5,1500000,4.2,24.4
11/25/2025,BAFL,102.5,103.2,102,102.9,1450000,4.22,24.4
11/26/2025,BAFL,102.9,103.9,102.5,103.5,1600000,4.24,24.4
11/27/2025,BAFL,103.5,104.2,103,103.8,1350000,4.25,24.4
11/28/2025,BAFL,103.8,104.8,103.5,104.5,1700000,4.28,24.4
11/24/2025,DGKC,220,221.5,218.5,221.1,850000,11.1,19.82
11/25/2025,DGKC,221.1,222.5,220,221.9,810000,11.13,19.82
11/26/2025,DGKC,221.9,223.9,220.8,223.5,920000,11.2,19.82
11/27/2025,DGKC,223.5,224.5,222,224.2,780000,11.24,19.82
11/28/2025,DGKC,224.2,225.8,223,225.5,980000,11.31,19.82
11/24/2025,PTCL,38.5,38.9,38.2,38.8,4500000,12.5,3.09
11/25/2025,PTCL,38.8,39.1,38.5,39,4200000,12.62,3.09
11/26/2025,PTCL,39,39.4,38.7,39.3,4800000,12.72,3.09
11/27/2025,PTCL,39.3,39.6,39,39.45,4000000,12.77,3.09
11/28/2025,PTCL,39.45,39.8,39.2,39.65,5100000,12.83,3.09
11/24/2025,EFERT,215,216.5,213.5,216.1,700000,9.5,22.75
11/25/2025,EFERT,216.1,217.5,214.8,216.8,680000,9.53,22.75
11/26/2025,EFERT,216.8,218.8,215.5,218,750000,9.58,22.75
11/27/2025,EFERT,218,219.5,216.5,218.5,650000,9.6,22.75
11/28/2025,EFERT,218.5,220,217.5,219.8,800000,9.66,22.75
11/24/2025,SNGP,117,118,116,117.5,3200000,5.5,21.36
11/25/2025,SNGP,117.5,118.5,116.8,117.9,3100000,5.52,21.36
11/26/2025,SNGP,117.9,119.2,117.3,118.6,3400000,5.55,21.36
11/27/2025,SNGP,118.6,119.8,117.9,119,3000000,5.57,21.36
11/28/2025,SNGP,119,120.5,118.5,120,3600000,5.62,21.36
11/24/2025,NBP,213,214.5,211.5,214.1,1200000,7.8,27.4
11/25/2025,NBP,214.1,215.5,212.8,214.9,1150000,7.84,27.4
11/26/2025,NBP,214.9,216.8,213.5,216.4,1300000,7.9,27.4
11/27/2025,NBP,216.4,217.5,214.5,216.9,1050000,7.92,27.4
11/28/2025,NBP,216.9,218.5,215.5,218.1,1400000,7.96,27.4
11/24/2025,LOTCHEM,27.5,27.8,27.3,27.7,6500000,5.5,5.03
11/25/2025,LOTCHEM,27.7,27.9,27.5,27.85,6100000,5.54,5.03
11/26/2025,LOTCHEM,27.85,28.1,27.6,28,6800000,5.57,5.03
11/27/2025,LOTCHEM,28,28.25,27.75,28.15,5800000,5.6,5.03
11/28/2025,LOTCHEM,28.15,28.4,27.9,28.3,7200000,5.63,5.03
11/24/2025,MLCF,102,103,101.5,102.8,950000,9,11.42
11/25/2025,MLCF,102.8,103.5,102.2,103.2,910000,9.04,11.42
11/26/2025,MLCF,103.2,104.2,102.7,103.8,1020000,9.09,11.42
11/27/2025,MLCF,103.8,104.5,103.2,104,850000,9.11,11.42
11/28/2025,MLCF,104,105,103.5,104.7,1100000,9.17,11.42
11/24/2025,ABOT,1075,1080,1070,1078.5,55000,20,53.93
11/25/2025,ABOT,1078.5,1082,1075,1080.5,52000,20.04,53.93
11/26/2025,ABOT,1080.5,1085,1077,1083.5,60000,20.1,53.93
11/27/2025,ABOT,1083.5,1087,1080,1085.1,48000,20.12,53.93
11/28/2025,ABOT,1085.1,1090,1082,1088.5,65000,20.18,53.93
11/24/2025,THAL,530,532.5,528,531.9,180000,15,35.46
11/25/2025,THAL,531.9,533.5,530,532.8,175000,15.03,35.46
11/26/2025,THAL,532.8,534.8,531.5,534.2,190000,15.06,35.46
11/27/2025,THAL,534.2,535.5,532.8,534.8,160000,15.08,35.46
11/28/2025,THAL,534.8,536.5,533.5,536.1,200000,15.12,35.46
11/24/2025,HMB,114,115,113.5,114.8,350000,4.8,23.96
11/25/2025,HMB,114.8,115.5,114.2,115.2,340000,4.81,23.96
11/26/2025,HMB,115.2,116.2,114.7,115.9,370000,4.84,23.96
11/27/2025,HMB,115.9,116.5,115.2,116.3,320000,4.85,23.96
11/28/2025,HMB,116.3,117.2,115.8,116.9,390000,4.88,23.96
11/24/2025,FCCL,52,52.5,51.5,52.4,1800000,9.5,5.52
11/25/2025,FCCL,52.4,52.8,52,52.6,1750000,9.53,5.52
11/26/2025,FCCL,52.6,53.2,52.3,53,1900000,9.6,5.52
11/27/2025,FCCL,53,53.4,52.7,53.2,1600000,9.64,5.52
11/28/2025,FCCL,53.2,53.8,52.9,53.6,2000000,9.71,5.52
11/24/2025,EPCL,45,45.5,44.5,45.4,1200000,8,5.67
11/25/2025,EPCL,45.4,45.8,45,45.65,1150000,8.05,5.67
11/26/2025,EPCL,45.65,46.2,45.3,46,1300000,8.11,5.67
11/27/2025,EPCL,46,46.5,45.7,46.25,1050000,8.16,5.67
11/28/2025,EPCL,46.25,46.8,45.9,46.6,1400000,8.22,5.67
11/24/2025,MARI,710,715,705,714.2,45000,8.5,84.02
11/25/2025,MARI,714.2,716.5,710,715.5,42000,8.52,84.02
11/26/2025,MARI,715.5,718.5,712.5,717.8,48000,8.54,84.02
11/27/2025,MARI,717.8,720,714,718.9,39000,8.56,84.02
11/28/2025,MARI,718.9,722.5,716,721.5,55000,8.59,84.02
11/24/2025,SYS,145,146.5,143.5,146.1,150000,28.5,5.12
11/25/2025,SYS,146.1,147.5,144.8,147,145000,28.69,5.12
11/26/2025,SYS,147,148.9,145.5,148.5,160000,29,5.12
11/27/2025,SYS,148.5,150,147,149.2,135000,29.14,5.12
11/28/2025,SYS,149.2,150.5,148,150.3,170000,29.35,5.12
11/24/2025,NESTLE,8000,8050,7950,8045,1500,75,107.27
11/25/2025,NESTLE,8045,8080,8000,8065,1450,75.19,107.27
11/26/2025,NESTLE,8065,8110,8030,8090,1600,75.42,107.27
11/27/2025,NESTLE,8090,8130,8050,8105,1350,75.56,107.27
11/28/2025,NESTLE,8105,8150,8070,8135,1700,75.84,107.27
11/24/2025,COLG,1260,1270,1255,1268,8000,40,31.7
11/25/2025,COLG,1268,1275,1262,1271.5,7800,40.11,31.7
11/26/2025,COLG,1271.5,1280,1265,1276.5,8500,40.27,31.7
11/27/2025,COLG,1276.5,1285,1270,1279.8,7500,40.37,31.7
11/28/2025,COLG,1279.8,1290,1275,1285,9000,40.54,31.7
11/24/2025,ATR,675,678,672,677.5,250000,15,45.17
11/25/2025,ATR,677.5,679.5,674,678.9,240000,15.03,45.17
11/26/2025,ATR,678.9,681.5,675.5,680.5,260000,15.07,45.17
11/27/2025,ATR,680.5,682.5,677,681.5,230000,15.09,45.17
11/28/2025,ATR,681.5,684,678.5,683.5,270000,15.13,45.17
11/24/2025,ATRL,540,542.5,538,541.9,150000,12,45.16
11/25/2025,ATRL,541.9,543.5,540,542.8,145000,12.02,45.16
11/26/2025,ATRL,542.8,544.8,541.5,544.2,160000,12.05,45.16
11/27/2025,ATRL,544.2,545.5,542.8,544.8,135000,12.06,45.16
11/28/2025,ATRL,544.8,546.5,543.5,546.1,170000,12.09,45.16
11/24/2025,KEL,5.6,5.65,5.55,5.64,15000000,10,0.56
11/25/2025,KEL,5.64,5.68,5.6,5.66,14500000,10.04,0.56
11/26/2025,KEL,5.66,5.72,5.63,5.7,16000000,10.11,0.56
11/27/2025,KEL,5.7,5.75,5.67,5.73,13500000,10.16,0.56
11/28/2025,KEL,5.73,5.78,5.7,5.76,17000000,10.21,0.56
11/24/2025,HASCOL,14,14.2,13.8,14.15,2500000,0,-1.5
11/25/2025,HASCOL,14.15,14.3,14,14.25,2400000,0,-1.5
11/26/2025,HASCOL,14.25,14.45,14.1,14.35,2600000,0,-1.5
11/27/2025,HASCOL,14.35,14.5,14.2,14.45,2200000,0,-1.5
11/28/2025,HASCOL,14.45,14.65,14.3,14.55,2800000,0,-1.5
11/24/2025,GLAXO,390,392,388,391.5,120000,19,20.61
11/25/2025,GLAXO,391.5,393.5,390,392.5,115000,19.04,20.61
11/26/2025,GLAXO,392.5,394.8,391,394,130000,19.12,20.61
11/27/2025,GLAXO,394,395.5,392.5,394.8,105000,19.16,20.61
11/28/2025,GLAXO,394.8,396.5,393.5,396.1,140000,19.22,20.61
11/24/2025,INIL,185,186.5,183.5,186.1,150000,10,18.61
11/25/2025,INIL,186.1,187.5,184.8,187,145000,10.05,18.61
11/26/2025,INIL,187,188.9,185.5,188.5,160000,10.13,18.61
11/27/2025,INIL,188.5,190,187,189.2,135000,10.17,18.61
11/28/2025,INIL,189.2,190.5,188,190.3,170000,10.23,18.61
11/24/2025,FFBL,38,38.5,37.5,38.4,1000000,7,5.49
11/25/2025,FFBL,38.4,38.8,38,38.65,950000,7.04,5.49
11/26/2025,FFBL,38.65,39.2,38.3,39,1100000,7.1,5.49
11/27/2025,FFBL,39,39.5,38.7,39.25,900000,7.15,5.49
11/28/2025,FFBL,39.25,39.8,38.9,39.6,1250000,7.21,5.49
11/24/2025,PAEL,52,52.5,51.5,52.4,1100000,10.5,4.99
11/25/2025,PAEL,52.4,52.8,52,52.6,1050000,10.54,4.99
11/26/2025,PAEL,52.6,53.2,52.3,53,1200000,10.62,4.99
11/27/2025,PAEL,53,53.4,52.7,53.2,980000,10.66,4.99
11/28/2025,PAEL,53.2,53.8,52.9,53.6,1350000,10.74,4.99
11/24/2025,ISL,92,92.8,91.5,92.5,600000,8.5,10.88
11/25/2025,ISL,92.5,93.2,92,92.9,580000,8.55,10.88
11/26/2025,ISL,92.9,93.8,92.5,93.5,650000,8.6,10.88
11/27/2025,ISL,93.5,94.2,93,93.8,520000,8.62,10.88
11/28/2025,ISL,93.8,94.8,93.5,94.5,680000,8.69,10.88
11/24/2025,BOP,33.5,33.9,33.2,33.8,2500000,8,4.22
11/25/2025,BOP,33.8,34.1,33.5,34,2400000,8.06,4.22
11/26/2025,BOP,34,34.4,33.7,34.3,2600000,8.13,4.22
11/27/2025,BOP,34.3,34.6,34,34.5,2200000,8.18,4.22
11/28/2025,BOP,34.5,34.9,34.2,34.8,2800000,8.25,4.22
11/24/2025,PTC,38.5,38.9,38.2,38.8,4500000,12.5,3.09
11/25/2025,PTC,38.8,39.1,38.5,39,4200000,12.62,3.09
11/26/2025,PTC,39,39.4,38.7,39.3,4800000,12.72,3.09
11/27/2025,PTC,39.3,39.6,39,39.45,4000000,12.77,3.09
11/28/2025,PTC,39.45,39.8,39.2,39.65,5100000,12.83,3.09
11/24/2025,FATIMA,137,138.5,136,138.1,550000,8,17.26
11/25/2025,FATIMA,138.1,139.5,137.2,138.9,520000,8.05,17.26
11/26/2025,FATIMA,138.9,140.5,138,140.2,600000,8.12,17.26
11/27/2025,FATIMA,140.2,141.5,139,140.9,480000,8.16,17.26
11/28/2025,FATIMA,140.9,142.5,140,142.1,650000,8.23,17.26
11/24/2025,ATLH,1450,1460,1445,1458,15000,22,66.27
11/25/2025,ATLH,1458,1465,1452,1461.5,14500,22.05,66.27
11/26/2025,ATLH,1461.5,1470,1455,1466.5,16000,22.13,66.27
11/27/2025,ATLH,1466.5,1475,1460,1469.8,13500,22.18,66.27
11/28/2025,ATLH,1469.8,1480,1465,1475,17000,22.26,66.27
11/24/2025,SEARL,103,104,102.5,103.8,350000,10,10.38
11/25/2025,SEARL,103.8,104.5,103.2,104.2,340000,10.04,10.38
11/26/2025,SEARL,104.2,105.2,103.7,104.8,370000,10.1,10.38
11/27/2025,SEARL,104.8,105.5,104.2,105.1,320000,10.13,10.38
11/28/2025,SEARL,105.1,106.2,104.7,105.8,390000,10.19,10.38
11/24/2025,ADAMJEE,77,77.5,76.5,77.4,450000,6.5,11.91
11/25/2025,ADAMJEE,77.4,77.8,77,77.65,420000,6.52,11.91
11/26/2025,ADAMJEE,77.65,78.2,77.3,78,480000,6.55,11.91
11/27/2025,ADAMJEE,78,78.5,77.6,78.25,390000,6.57,11.91
11/28/2025,ADAMJEE,78.25,78.8,77.8,78.6,550000,6.6,11.91
11/24/2025,PIBT,15,15.2,14.8,15.15,8000000,11,1.38
11/25/2025,PIBT,15.15,15.3,15,15.25,7800000,11.05,1.38
11/26/2025,PIBT,15.25,15.45,15.1,15.4,8500000,11.16,1.38
11/27/2025,PIBT,15.4,15.55,15.25,15.48,7500000,11.22,1.38
11/28/2025,PIBT,15.48,15.65,15.35,15.58,9000000,11.29,1.38
11/24/2025,KOHT,58,58.5,57.5,58.4,250000,5,11.68
11/25/2025,KOHT,58.4,58.8,58,58.65,240000,5.02,11.68
11/26/2025,KOHT,58.65,59.2,58.3,59,260000,5.05,11.68
11/27/2025,KOHT,59,59.5,58.7,59.25,220000,5.07,11.68
11/28/2025,KOHT,59.25,59.8,58.9,59.6,280000,5.1,11.68
11/24/2025,UPFL,29300,29450,29200,29400,800,85,345.88
11/25/2025,UPFL,29400,29500,29300,29450,780,85.15,345.88
11/26/2025,UPFL,29450,29600,29350,29550,850,85.44,345.88
11/27/2025,UPFL,29550,29680,29450,29600,750,85.58,345.88
11/28/2025,UPFL,29600,29750,29500,29700,900,85.86,345.88
11/24/2025,MCB,350,351.5,348.5,351.2,750000,6.9,50.87
11/25/2025,MCB,351.2,352.5,350,351.9,720000,6.92,50.87
11/26/2025,MCB,351.9,353.9,350.8,353.5,780000,6.95,50.87
11/27/2025,MCB,353.5,354.5,352,354.2,690000,6.96,50.87
11/28/2025,MCB,354.2,355.8,353,355.5,850000,6.99,50.87
11/24/2025,ABL,175,176.5,173.5,176.1,450000,5.5,32.02
11/25/2025,ABL,176.1,177.5,174.8,176.8,420000,5.52,32.02
11/26/2025,ABL,176.8,178.5,175.5,178,480000,5.56,32.02
11/27/2025,ABL,178,179.5,176.5,178.5,390000,5.57,32.02
11/28/2025,ABL,178.5,180,177.5,179.8,550000,5.61,32.02
11/24/2025,PKOL,615,618,612,617.5,250000,8.5,72.65
11/25/2025,PKOL,617.5,619.5,614,618.9,240000,8.52,72.65
11/26/2025,PKOL,618.9,621.5,615.5,620.5,260000,8.54,72.65
11/27/2025,PKOL,620.5,622.5,617,621.5,230000,8.55,72.65
11/28/2025,PKOL,621.5,624,618.5,623.5,270000,8.58,72.65
11/24/2025,SYS,145,146.5,143.5,146.1,150000,28.5,5.12
11/25/2025,SYS,146.1,147.5,144.8,147,145000,28.69,5.12
11/26/2025,SYS,147,148.9,145.5,148.5,160000,29,5.12
11/27/2025,SYS,148.5,150,147,149.2,135000,29.14,5.12
11/28/2025,SYS,149.2,150.5,148,150.3,170000,29.35,5.12
11/24/2025,BAFL,102,102.8,101.5,102.5,1500000,4.2,24.4
11/25/2025,BAFL,102.5,103.2,102,102.9,1450000,4.22,24.4
11/26/2025,BAFL,102.9,103.9,102.5,103.5,1600000,4.24,24.4
11/27/2025,BAFL,103.5,104.2,103,103.8,1350000,4.25,24.4
11/28/2025,BAFL,103.8,104.8,103.5,104.5,1700000,4.28,24.4
11/24/2025,CHCC,320,322,318,321.5,250000,7,45.93
11/25/2025,CHCC,321.5,323,320,322.5,240000,7.02,45.93
11/26/2025,CHCC,322.5,324.5,321,324,260000,7.05,45.93
11/27/2025,CHCC,324,325.5,322.5,324.8,220000,7.07,45.93
11/28/2025,CHCC,324.8,326.5,323.5,326,280000,7.1,45.93
11/24/2025,KOHC,100,101,99.5,100.8,450000,8.5,11.86
11/25/2025,KOHC,100.8,101.5,100.2,101.2,420000,8.53,11.86
11/26/2025,KOHC,101.2,102.2,100.7,101.8,480000,8.58,11.86
11/27/2025,KOHC,101.8,102.5,101.2,102.1,390000,8.61,11.86
11/28/2025,KOHC,102.1,103.2,101.7,102.8,550000,8.67,11.86
11/24/2025,DCR,32,32.3,31.8,32.25,1500000,9,3.58
11/25/2025,DCR,32.25,32.5,32,32.4,1450000,9.05,3.58
11/26/2025,DCR,32.4,32.7,32.15,32.6,1600000,9.11,3.58
11/27/2025,DCR,32.6,32.85,32.3,32.75,1350000,9.15,3.58
11/28/2025,DCR,32.75,33,32.5,32.95,1700000,9.21,3.58
11/24/2025,AGP,180,181.5,178.5,181.1,150000,15,12.07
11/25/2025,AGP,181.1,182.5,180,181.9,145000,15.07,12.07
11/26/2025,AGP,181.9,183.9,180.8,183.5,160000,15.2,12.07
11/27/2025,AGP,183.5,184.5,182,184,135000,15.24,12.07
11/28/2025,AGP,184,185.5,183,185.1,170000,15.34,12.07
11/24/2025,ISL,92,92.8,91.5,92.5,600000,8.5,10.88
11/25/2025,ISL,92.5,93.2,92,92.9,580000,8.55,10.88
11/26/2025,ISL,92.9,93.8,92.5,93.5,650000,8.6,10.88
11/27/2025,ISL,93.5,94.2,93,93.8,520000,8.62,10.88
11/28/2025,ISL,93.8,94.8,93.5,94.5,680000,8.69,10.88
11/24/2025,INTR,75,75.5,74.5,75.4,800000,11.5,6.56
11/25/2025,INTR,75.4,75.8,75,75.65,780000,11.53,6.56
11/26/2025,INTR,75.65,76.2,75.3,76,850000,11.58,6.56
11/27/2025,INTR,76,76.5,75.7,76.25,750000,11.62,6.56
11/28/2025,INTR,76.25,76.8,75.9,76.6,900000,11.68,6.56
11/24/2025,GATM,340,342,338,341.5,120000,9,37.94
11/25/2025,GATM,341.5,343,340,342.5,115000,9.03,37.94
11/26/2025,GATM,342.5,344.5,341,344,130000,9.07,37.94
11/27/2025,GATM,344,345.5,342.5,344.8,105000,9.09,37.94
11/28/2025,GATM,344.8,346.5,343.5,346,140000,9.12,37.94
11/24/2025,NATF,380,382,378,381.5,95000,12,31.8
11/25/2025,NATF,381.5,383,380,382.5,91000,12.03,31.8
11/26/2025,NATF,382.5,384.5,381,384,102000,12.08,31.8
11/27/2025,NATF,384,385.5,382.5,384.8,85000,12.1,31.8
11/28/2025,NATF,384.8,386.5,383.5,386,110000,12.14,31.8
11/24/2025,CENNERGY,7.8,7.9,7.7,7.88,10000000,0,-0.5
11/25/2025,CENNERGY,7.88,7.95,7.8,7.92,9500000,0,-0.5
11/26/2025,CENNERGY,7.92,8.02,7.85,8,11000000,0,-0.5
11/27/2025,CENNERGY,8,8.1,7.9,8.05,9000000,0,-0.5
11/28/2025,CENNERGY,8.05,8.18,7.95,8.12,12500000,0,-0.5
11/24/2025,PIONEER,325,327,323,326.5,150000,15,21.77
11/25/2025,PIONEER,326.5,328,325,327.5,145000,15.04,21.77
11/26/2025,PIONEER,327.5,329.5,326,329,160000,15.11,21.77
11/27/2025,PIONEER,329,330.5,327.5,329.8,135000,15.15,21.77
11/28/2025,PIONEER,329.8,331.5,328.5,331,170000,15.2,21.77
11/24/2025,SAZGAR,1700,1710,1690,1708,8000,25,68.32
11/25/2025,SAZGAR,1708,1715,1700,1711.5,7800,25.05,68.32
11/26/2025,SAZGAR,1711.5,1720,1705,1716.5,8500,25.12,68.32
11/27/2025,SAZGAR,1716.5,1725,1710,1719.8,7500,25.17,68.32
11/28/2025,SAZGAR,1719.8,1730,1715,1725,9000,25.25,68.32
11/24/2025,MILT,505,508,502,507.5,65000,10,50.75
11/25/2025,MILT,507.5,509.5,504,508.9,62000,10.03,50.75
11/26/2025,MILT,508.9,511.5,505.5,510.5,68000,10.06,50.75
11/27/2025,MILT,510.5,512.5,507,511.5,59000,10.08,50.75
11/28/2025,MILT,511.5,514,508.5,513.5,75000,10.12,50.75
11/24/2025,UNITY,22,22.4,21.8,22.35,4000000,15,1.49
11/25/2025,UNITY,22.35,22.6,22.1,22.5,3800000,15.1,1.49
11/26/2025,UNITY,22.5,22.8,22.3,22.7,4200000,15.23,1.49
11/27/2025,UNITY,22.7,23,22.5,22.85,3600000,15.34,1.49
11/28/2025,UNITY,22.85,23.15,22.65,23.05,4500000,15.47,1.49
11/24/2025,ATLH,1450,1460,1445,1458,15000,22,66.27
11/25/2025,ATLH,1458,1465,1452,1461.5,14500,22.05,66.27
11/26/2025,ATLH,1461.5,1470,1455,1466.5,16000,22.13,66.27
11/27/2025,ATLH,1466.5,1475,1460,1469.8,13500,22.18,66.27
11/28/2025,ATLH,1469.8,1480,1465,1475,17000,22.26,66.27
11/24/2025,UPFL,29300,29450,29200,29400,800,85,345.88
11/25/2025,UPFL,29400,29500,29300,29450,780,85.15,345.88
11/26/2025,UPFL,29450,29600,29350,29550,850,85.44,345.88
11/27/2025,UPFL,29550,29680,29450,29600,750,85.58,345.88
11/28/2025,UPFL,29600,29750,29500,29700,900,85.86,345.88
11/24/2025,FNEL,24,24.5,23.8,24.4,12000000,6,4.07
11/25/2025,FNEL,24.4,24.8,24.1,24.65,11500000,6.06,4.07
11/26/2025,FNEL,24.65,25.1,24.3,24.9,13000000,6.12,4.07
11/27/2025,FNEL,24.9,25.3,24.6,25.15,10500000,6.18,4.07
11/28/2025,FNEL,25.15,25.5,24.8,25.4,14000000,6.24,4.07
11/24/2025,PIAHCLA,33,33.5,32.8,33.4,8500000,0,-5.5
11/25/2025,PIAHCLA,33.4,33.8,33.1,33.65,8100000,0,-5.5
11/26/2025,PIAHCLA,33.65,34.1,33.3,33.9,9200000,0,-5.5
11/27/2025,PIAHCLA,33.9,34.3,33.6,34.15,7800000,0,-5.5
11/28/2025,PIAHCLA,34.15,34.6,33.8,34.4,9800000,0,-5.5
11/24/2025,BECO,7,7.15,6.9,7.1,7500000,0,-0.5
11/25/2025,BECO,7.1,7.2,7,7.15,7200000,0,-0.5
11/26/2025,BECO,7.15,7.3,7.05,7.25,7800000,0,-0.5
11/27/2025,BECO,7.25,7.4,7.15,7.3,6900000,0,-0.5
11/28/2025,BECO,7.3,7.5,7.2,7.4,8500000,0,-0.5
11/24/2025,PRL,37,37.5,36.8,37.4,4500000,0,-1.25
11/25/2025,PRL,37.4,37.8,37.1,37.6,4200000,0,-1.25
11/26/2025,PRL,37.6,38.1,37.3,37.9,4800000,0,-1.25
11/27/2025,PRL,37.9,38.3,37.6,38.1,4000000,0,-1.25
11/28/2025,PRL,38.1,38.6,37.8,38.4,5100000,0,-1.25
11/24/2025,TELE,11.5,11.8,11.4,11.75,5500000,0,-0.8
11/25/2025,TELE,11.75,11.9,11.6,11.85,5200000,0,-0.8
11/26/2025,TELE,11.85,12,11.7,11.95,5800000,0,-0.8
11/27/2025,TELE,11.95,12.15,11.8,12.05,4900000,0,-0.8
11/28/2025,TELE,12.05,12.3,11.9,12.2,6200000,0,-0.8
11/24/2025,GCWL,19,19.3,18.8,19.25,4500000,5.5,3.5
11/25/2025,GCWL,19.25,19.5,19,19.4,4200000,5.54,3.5
11/26/2025,GCWL,19.4,19.7,19.15,19.6,4800000,5.6,3.5
11/27/2025,GCWL,19.6,19.9,19.3,19.75,4000000,5.64,3.5
11/28/2025,GCWL,19.75,20.1,19.45,19.95,5100000,5.7,3.5
11/24/2025,DSIL,13.5,13.8,13.4,13.75,3500000,0,-0.55
11/25/2025,DSIL,13.75,14,13.6,13.9,3200000,0,-0.55
11/26/2025,DSIL,13.9,14.2,13.75,14.1,3800000,0,-0.55
11/27/2025,DSIL,14.1,14.35,13.9,14.2,3000000,0,-0.55
11/28/2025,DSIL,14.2,14.5,14,14.35,4100000,0,-0.55
11/24/2025,GGL,26,26.5,25.8,26.4,2500000,7,3.77
11/25/2025,GGL,26.4,26.7,26.1,26.6,2400000,7.06,3.77
11/26/2025,GGL,26.6,27,26.3,26.9,2600000,7.13,3.77
11/27/2025,GGL,26.9,27.3,26.6,27.1,2200000,7.19,3.77
11/28/2025,GGL,27.1,27.5,26.8,27.35,2800000,7.25,3.77
11/24/2025,IBLHL,80,80.8,79.5,80.6,1800000,12,6.72
11/25/2025,IBLHL,80.6,81.2,80,80.95,1750000,12.05,6.72
11/26/2025,IBLHL,80.95,81.7,80.3,81.5,1900000,12.13,6.72
11/27/2025,IBLHL,81.5,82.2,80.8,81.85,1600000,12.18,6.72
11/28/2025,IBLHL,81.85,82.5,81.2,82.3,2000000,12.25,6.72
11/24/2025,TPL,7.5,7.65,7.4,7.62,2500000,15,0.51
11/25/2025,TPL,7.62,7.7,7.5,7.68,2400000,15.06,0.51
11/26/2025,TPL,7.68,7.8,7.55,7.75,2600000,15.2,0.51
11/27/2025,TPL,7.75,7.85,7.65,7.8,2200000,15.29,0.51
11/28/2025,TPL,7.8,7.95,7.7,7.9,2800000,15.49,0.51
11/24/2025,OBOY,9,9.2,8.8,9.15,3500000,0,-0.3
11/25/2025,OBOY,9.15,9.3,9,9.25,3200000,0,-0.3
11/26/2025,OBOY,9.25,9.45,9.1,9.4,3800000,0,-0.3
11/27/2025,OBOY,9.4,9.6,9.25,9.5,3000000,0,-0.3
11/28/2025,OBOY,9.5,9.7,9.35,9.65,4100000,0,-0.3
11/24/2025,TPLP,11,11.2,10.8,11.15,1500000,10,1.12
11/25/2025,TPLP,11.15,11.3,11,11.25,1450000,10.09,1.12
11/26/2025,TPLP,11.25,11.45,11.1,11.4,1600000,10.22,1.12
11/27/2025,TPLP,11.4,11.6,11.25,11.5,1350000,10.29,1.12
11/28/2025,TPLP,11.5,11.75,11.35,11.65,1700000,10.42,1.12
11/24/2025,KOSM,7,7.15,6.9,7.1,1200000,0,-0.2
11/25/2025,KOSM,7.1,7.2,7,7.15,1150000,0,-0.2
11/26/2025,KOSM,7.15,7.3,7.05,7.25,1300000,0,-0.2
11/27/2025,KOSM,7.25,7.4,7.15,7.3,1050000,0,-0.2
11/28/2025,KOSM,7.3,7.5,7.2,7.4,1400000,0,-0.2
11/24/2025,PASL,3.4,3.5,3.35,3.48,8000000,0,-0.45
11/25/2025,PASL,3.48,3.55,3.4,3.52,7800000,0,-0.45
11/26/2025,PASL,3.52,3.6,3.45,3.56,8500000,0,-0.45
11/27/2025,PASL,3.56,3.65,3.5,3.59,7500000,0,-0.45
11/28/2025,PASL,3.59,3.7,3.55,3.64,9000000,0,-0.45
11/24/2025,TREET,32,32.5,31.8,32.4,1500000,0,-1.1
11/25/2025,TREET,32.4,32.8,32.1,32.65,1450000,0,-1.1
11/26/2025,TREET,32.65,33.1,32.3,32.9,1600000,0,-1.1
11/27/2025,TREET,32.9,33.3,32.6,33.15,1350000,0,-1.1
11/28/2025,TREET,33.15,33.6,32.8,33.4,1700000,0,-1.1
11/24/2025,CWSM,44.5,45,44.2,44.9,1000000,8,5.61
11/25/2025,CWSM,44.9,45.3,44.5,45.15,950000,8.05,5.61
11/26/2025,CWSM,45.15,45.7,44.8,45.5,1100000,8.11,5.61
11/27/2025,CWSM,45.5,46,45.2,45.75,900000,8.16,5.61
11/28/2025,CWSM,45.75,46.3,45.4,46.1,1250000,8.22,5.61
11/24/2025,AMTEX,4.8,4.95,4.75,4.9,6500000,0,-0.35
11/25/2025,AMTEX,4.9,5,4.85,4.95,6200000,0,-0.35
11/26/2025,AMTEX,4.95,5.1,4.9,5.05,6800000,0,-0.35
11/27/2025,AMTEX,5.05,5.2,5,5.1,5800000,0,-0.35
11/28/2025,AMTEX,5.1,5.25,5.05,5.2,7200000,0,-0.35
11/24/2025,SGPL,18,18.3,17.8,18.25,3500000,5,3.65
11/25/2025,SGPL,18.25,18.5,18,18.4,3200000,5.04,3.65
11/26/2025,SGPL,18.4,18.7,18.2,18.6,3800000,5.09,3.65
11/27/2025,SGPL,18.6,18.9,18.4,18.75,3000000,5.14,3.65
11/28/2025,SGPL,18.75,19.1,18.55,18.95,4100000,5.2,3.65
11/24/2025,FCSC,7,7.15,6.9,7.1,4500000,0,-0.8
11/25/2025,FCSC,7.1,7.2,7,7.15,4200000,0,-0.8
11/26/2025,FCSC,7.15,7.3,7.05,7.25,4800000,0,-0.8
11/27/2025,FCSC,7.25,7.4,7.15,7.3,4000000,0,-0.8
11/28/2025,FCSC,7.3,7.5,7.2,7.4,5100000,0,-0.8
11/24/2025,PIOC,325,327,323,326.5,150000,15,21.77
11/25/2025,PIOC,326.5,328,325,327.5,145000,15.04,21.77
11/26/2025,PIOC,327.5,329.5,326,329,160000,15.11,21.77
11/27/2025,PIOC,329,330.5,327.5,329.8,135000,15.15,21.77
11/28/2025,PIOC,329.8,331.5,328.5,331,170000,15.2,21.77
11/24/2025,SHEL,210,212,208,211.5,95000,0,-2.5
11/25/2025,SHEL,211.5,213,210,212.5,91000,0,-2.5
11/26/2025,SHEL,212.5,214.5,211,214,102000,0,-2.5
11/27/2025,SHEL,214,215.5,212.5,214.8,85000,0,-2.5
11/28/2025,SHEL,214.8,216.5,213.5,216,110000,0,-2.5
11/24/2025,SRVI,1370,1380,1365,1378,25000,18,76.56
11/25/2025,SRVI,1378,1385,1372,1381.5,24000,18.04,76.56
11/26/2025,SRVI,1381.5,1390,1375,1386.5,26000,18.11,76.56
11/27/2025,SRVI,1386.5,1395,1380,1389.8,22000,18.15,76.56
11/28/2025,SRVI,1389.8,1400,1385,1395,28000,18.22,76.56
11/24/2025,ATLH,1450,1460,1445,1458,15000,22,66.27
11/25/2025,ATLH,1458,1465,1452,1461.5,14500,22.05,66.27
11/26/2025,ATLH,1461.5,1470,1455,1466.5,16000,22.13,66.27
11/27/2025,ATLH,1466.5,1475,1460,1469.8,13500,22.18,66.27
11/28/2025,ATLH,1469.8,1480,1465,1475,17000,22.26,66.27
11/24/2025,UBL,370,371.5,368.5,371.1,880000,7.4,50.15
11/25/2025,UBL,371.1,372.5,370,371.9,850000,7.42,50.15
11/26/2025,UBL,371.9,373.9,370.8,373.5,920000,7.45,50.15
11/27/2025,UBL,373.5,374.5,372,374.2,810000,7.46,50.15
11/28/2025,UBL,374.2,375.8,373,375.5,950000,7.49,50.15
11/24/2025,TRG,70,70.8,69.5,70.5,5500000,15.1,4.67
11/25/2025,TRG,70.5,71.2,70,70.9,5200000,15.18,4.67
11/26/2025,TRG,70.9,71.9,70.5,71.6,5800000,15.33,4.67
11/27/2025,TRG,71.6,72.5,71,71.95,4900000,15.41,4.67
11/28/2025,TRG,71.95,72.8,71.5,72.5,6200000,15.52,4.67
11/24/2025,SYS,145,146.5,143.5,146.1,150000,28.5,5.12
11/25/2025,SYS,146.1,147.5,144.8,147,145000,28.69,5.12
11/26/2025,SYS,147,148.9,145.5,148.5,160000,29,5.12
11/27/2025,SYS,148.5,150,147,149.2,135000,29.14,5.12
11/28/2025,SYS,149.2,150.5,148,150.3,170000,29.35,5.12
11/24/2025,HBL,290.5,291.8,288.5,291.15,1850000,8.1,35.95
11/25/2025,HBL,291.15,292.5,290,291.85,1780000,8.12,35.95
11/26/2025,HBL,291.85,294.1,290.9,293.9,1950000,8.18,35.95
11/27/2025,HBL,293.9,294.5,292.8,293.1,1650000,8.15,35.95
11/28/2025,HBL,293.1,295.2,292.5,294.8,2100000,8.2,35.95
11/24/2025,LUCK,425,428.5,423.1,427.9,650000,11.55,37.05
11/25/2025,LUCK,427.9,429.5,425,428.8,610000,11.57,37.05
11/26/2025,LUCK,428.8,430.2,426.5,429.5,720000,11.59,37.05
11/27/2025,LUCK,429.5,431.1,428,430.15,580000,11.61,37.05
11/28/2025,LUCK,430.15,432,429,431.5,750000,11.64,37.05
11/24/2025,OGDC,255,256.5,253.5,255.9,3500000,5.8,44.12
11/25/2025,OGDC,255.9,256.9,254.8,255.1,3200000,5.78,44.12
11/26/2025,OGDC,255.1,257.5,254.5,256.9,3800000,5.82,44.12
11/27/2025,OGDC,256.9,257.9,255.5,257.4,3000000,5.83,44.12
11/28/2025,OGDC,257.4,259,256,258.8,4100000,5.87,44.12
11/24/2025,PSO,450,452.2,448,451.9,1550000,6.45,69.92
11/25/2025,PSO,451.9,453.5,450.5,453,1450000,6.48,69.92
11/26/2025,PSO,453,454.8,451.5,454.5,1650000,6.5,69.92
11/27/2025,PSO,454.5,456,453,455.1,1350000,6.51,69.92
11/28/2025,PSO,455.1,457.1,454,456.5,1750000,6.53,69.92
11/24/2025,ENGRO,210,211.5,208.5,211.2,950000,7.9,26.73
11/25/2025,ENGRO,211.2,212.8,210,212.5,910000,7.95,26.73
11/26/2025,ENGRO,212.5,214,211.5,213.7,1020000,8,26.73
11/27/2025,ENGRO,213.7,214.5,212.5,214,850000,8.01,26.73
11/28/2025,ENGRO,214,215.5,213,215.3,1100000,8.05,26.73
11/24/2025,UBL,370,371.5,368.5,371.1,880000,7.4,50.15
11/25/2025,UBL,371.1,372.5,370,371.9,850000,7.42,50.15
11/26/2025,UBL,371.9,373.9,370.8,373.5,920000,7.45,50.15
11/27/2025,UBL,373.5,374.5,372,374.2,810000,7.46,50.15
11/28/2025,UBL,374.2,375.8,373,375.5,950000,7.49,50.15
11/24/2025,MCB,350,351.5,348.5,351.2,750000,6.9,50.87
11/25/2025,MCB,351.2,352.5,350,351.9,720000,6.92,50.87
11/26/2025,MCB,351.9,353.9,350.8,353.5,780000,6.95,50.87
11/27/2025,MCB,353.5,354.5,352,354.2,690000,6.96,50.87
11/28/2025,MCB,354.2,355.8,353,355.5,850000,6.99,50.87
11/24/2025,FFC,560,562.5,558,561.9,1200000,9.3,60.42
11/25/2025,FFC,561.9,563.5,560,562.8,1150000,9.31,60.42
11/26/2025,FFC,562.8,564.8,561.5,564.2,1300000,9.34,60.42
11/27/2025,FFC,564.2,565.5,562.8,564.8,1050000,9.35,60.42
11/28/2025,FFC,564.8,566.5,563.5,566.1,1400000,9.37,60.42
11/24/2025,HUBC,215,216.5,213.5,216.1,1150000,8.85,24.41
11/25/2025,HUBC,216.1,217.5,214.8,216.8,1100000,8.88,24.41
11/26/2025,HUBC,216.8,218.8,215.5,218,1250000,8.93,24.41
11/27/2025,HUBC,218,219.5,216.5,218.5,1050000,8.95,24.41
11/28/2025,HUBC,218.5,220,217.5,219.8,1350000,9,24.41
11/24/2025,BAHL,180,181.5,178.5,181.2,550000,5,36.24
11/25/2025,BAHL,181.2,182.5,180,181.9,520000,5.02,36.24
11/26/2025,BAHL,181.9,183.9,180.8,183.5,600000,5.06,36.24
11/27/2025,BAHL,183.5,184.5,182,184,480000,5.07,36.24
11/28/2025,BAHL,184,185.5,183,185.1,650000,5.11,36.24
11/24/2025,TRG,70,70.8,69.5,70.5,5500000,15.1,4.67
11/25/2025,TRG,70.5,71.2,70,70.9,5200000,15.18,4.67
11/26/2025,TRG,70.9,71.9,70.5,71.6,5800000,15.33,4.67
11/27/2025,TRG,71.6,72.5,71,71.95,4900000,15.41,4.67
11/28/2025,TRG,71.95,72.8,71.5,72.5,6200000,15.52,4.67
11/24/2025,NML,140,141.5,138.5,141.1,450000,6.5,21.7
11/25/2025,NML,141.1,142.5,140,141.8,420000,6.53,21.7
11/26/2025,NML,141.8,143.5,140.8,143,480000,6.59,21.7
11/27/2025,NML,143,144.5,141.5,143.6,390000,6.62,21.7
11/28/2025,NML,143.6,145.2,142.5,144.9,550000,6.68,21.7
11/24/2025,SYS,145,146.5,143.5,146.1,150000,28.5,5.12
11/25/2025,SYS,146.1,147.5,144.8,147,145000,28.69,5.12
11/26/2025,SYS,147,148.9,145.5,148.5,160000,29,5.12
11/27/2025,SYS,148.5,150,147,149.2,135000,29.14,5.12
11/28/2025,SYS,149.2,150.5,148,150.3,170000,29.35,5.12
11/24/2025,MEBL,415,416.5,413.5,416.1,380000,10.05,41.45
11/25/2025,MEBL,416.1,417.5,414.8,417,360000,10.07,41.45
11/26/2025,MEBL,417,418.9,415.5,418.5,400000,10.1,41.45
11/27/2025,MEBL,418.5,420,417,419.2,340000,10.11,41.45
11/28/2025,MEBL,419.2,420.5,418,420.3,420000,10.14,41.45
11/24/2025,PAKT,1570,1575,1565,1573.5,15000,25.5,61.71
11/25/2025,PAKT,1573.5,1577,1570,1575.2,14500,25.53,61.71
11/26/2025,PAKT,1575.2,1580,1572,1578.5,16000,25.58,61.71
11/27/2025,PAKT,1578.5,1582,1575,1580.1,13500,25.6,61.71
11/28/2025,PAKT,1580.1,1585,1577,1583.5,17000,25.65,61.71
11/24/2025,PPL,200,201.5,198.5,201.1,2500000,5.2,38.67
11/25/2025,PPL,201.1,202.5,200,201.9,2400000,5.22,38.67
11/26/2025,PPL,201.9,203.9,200.8,203.5,2600000,5.26,38.67
11/27/2025,PPL,203.5,204.5,202,204.1,2200000,5.28,38.67
11/28/2025,PPL,204.1,205.8,203,205.5,2800000,5.31,38.67
11/24/2025,BAFL,102,102.8,101.5,102.5,1500000,4.2,24.4
11/25/2025,BAFL,102.5,103.2,102,102.9,1450000,4.22,24.4
11/26/2025,BAFL,102.9,103.9,102.5,103.5,1600000,4.24,24.4
11/27/2025,BAFL,103.5,104.2,103,103.8,1350000,4.25,24.4
11/28/2025,BAFL,103.8,104.8,103.5,104.5,1700000,4.28,24.4
11/24/2025,DGKC,220,221.5,218.5,221.1,850000,11.1,19.82
11/25/2025,DGKC,221.1,222.5,220,221.9,810000,11.13,19.82
11/26/2025,DGKC,221.9,223.9,220.8,223.5,920000,11.2,19.82
11/27/2025,DGKC,223.5,224.5,222,224.2,780000,11.24,19.82
11/28/2025,DGKC,224.2,225.8,223,225.5,980000,11.31,19.82
11/24/2025,PTCL,38.5,38.9,38.2,38.8,4500000,12.5,3.09
11/25/2025,PTCL,38.8,39.1,38.5,39,4200000,12.62,3.09
11/26/2025,PTCL,39,39.4,38.7,39.3,4800000,12.72,3.09
11/27/2025,PTCL,39.3,39.6,39,39.45,4000000,12.77,3.09
11/28/2025,PTCL,39.45,39.8,39.2,39.65,5100000,12.83,3.09
11/24/2025,EFERT,215,216.5,213.5,216.1,700000,9.5,22.75
11/25/2025,EFERT,216.1,217.5,214.8,216.8,680000,9.53,22.75
11/26/2025,EFERT,216.8,218.8,215.5,218,750000,9.58,22.75
11/27/2025,EFERT,218,219.5,216.5,218.5,650000,9.6,22.75
11/28/2025,EFERT,218.5,220,217.5,219.8,800000,9.66,22.75
11/24/2025,SNGP,117,118,116,117.5,3200000,5.5,21.36
11/25/2025,SNGP,117.5,118.5,116.8,117.9,3100000,5.52,21.36
11/26/2025,SNGP,117.9,119.2,117.3,118.6,3400000,5.55,21.36
11/27/2025,SNGP,118.6,119.8,117.9,119,3000000,5.57,21.36
11/28/2025,SNGP,119,120.5,118.5,120,3600000,5.62,21.36
11/24/2025,NBP,213,214.5,211.5,214.1,1200000,7.8,27.4
11/25/2025,NBP,214.1,215.5,212.8,214.9,1150000,7.84,27.4
11/26/2025,NBP,214.9,216.8,213.5,216.4,1300000,7.9,27.4
11/27/2025,NBP,216.4,217.5,214.5,216.9,1050000,7.92,27.4
11/28/2025,NBP,216.9,218.5,215.5,218.1,1400000,7.96,27.4
11/24/2025,LOTCHEM,27.5,27.8,27.3,27.7,6500000,5.5,5.03
11/25/2025,LOTCHEM,27.7,27.9,27.5,27.85,6100000,5.54,5.03
11/26/2025,LOTCHEM,27.85,28.1,27.6,28,6800000,5.57,5.03
11/27/2025,LOTCHEM,28,28.25,27.75,28.15,5800000,5.6,5.03
11/28/2025,LOTCHEM,28.15,28.4,27.9,28.3,7200000,5.63,5.03
11/24/2025,MLCF,102,103,101.5,102.8,950000,9,11.42
11/25/2025,MLCF,102.8,103.5,102.2,103.2,910000,9.04,11.42
11/26/2025,MLCF,103.2,104.2,102.7,103.8,1020000,9.09,11.42
11/27/2025,MLCF,103.8,104.5,103.2,104,850000,9.11,11.42
11/28/2025,MLCF,104,105,103.5,104.7,1100000,9.17,11.42
11/24/2025,ABOT,1075,1080,1070,1078.5,55000,20,53.93
11/25/2025,ABOT,1078.5,1082,1075,1080.5,52000,20.04,53.93
11/26/2025,ABOT,1080.5,1085,1077,1083.5,60000,20.1,53.93
11/27/2025,ABOT,1083.5,1087,1080,1085.1,48000,20.12,53.93
11/28/2025,ABOT,1085.1,1090,1082,1088.5,65000,20.18,53.93
11/24/2025,THAL,530,532.5,528,531.9,180000,15,35.46
11/25/2025,THAL,531.9,533.5,530,532.8,175000,15.03,35.46
11/26/2025,THAL,532.8,534.8,531.5,534.2,190000,15.06,35.46
11/27/2025,THAL,534.2,535.5,532.8,534.8,160000,15.08,35.46
11/28/2025,THAL,534.8,536.5,533.5,536.1,200000,15.12,35.46
11/24/2025,HMB,114,115,113.5,114.8,350000,4.8,23.96
11/25/2025,HMB,114.8,115.5,114.2,115.2,340000,4.81,23.96
11/26/2025,HMB,115.2,116.2,114.7,115.9,370000,4.84,23.96
11/27/2025,HMB,115.9,116.5,115.2,116.3,320000,4.85,23.96
11/28/2025,HMB,116.3,117.2,115.8,116.9,390000,4.88,23.96
11/24/2025,FCCL,52,52.5,51.5,52.4,1800000,9.5,5.52
11/25/2025,FCCL,52.4,52.8,52,52.6,1750000,9.53,5.52
11/26/2025,FCCL,52.6,53.2,52.3,53,1900000,9.6,5.52
11/27/2025,FCCL,53,53.4,52.7,53.2,1600000,9.64,5.52
11/28/2025,FCCL,53.2,53.8,52.9,53.6,2000000,9.71,5.52
11/24/2025,EPCL,45,45.5,44.5,45.4,1200000,8,5.67
11/25/2025,EPCL,45.4,45.8,45,45.65,1150000,8.05,5.67
11/26/2025,EPCL,45.65,46.2,45.3,46,1300000,8.11,5.67
11/27/2025,EPCL,46,46.5,45.7,46.25,1050000,8.16,5.67
11/28/2025,EPCL,46.25,46.8,45.9,46.6,1400000,8.22,5.67
11/24/2025,MARI,710,715,705,714.2,45000,8.5,84.02
11/25/2025,MARI,714.2,716.5,710,715.5,42000,8.52,84.02
11/26/2025,MARI,715.5,718.5,712.5,717.8,48000,8.54,84.02
11/27/2025,MARI,717.8,720,714,718.9,39000,8.56,84.02
11/28/2025,MARI,718.9,722.5,716,721.5,55000,8.59,84.02
11/24/2025,SYS,145,146.5,143.5,146.1,150000,28.5,5.12
11/25/2025,SYS,146.1,147.5,144.8,147,145000,28.69,5.12
11/26/2025,SYS,147,148.9,145.5,148.5,160000,29,5.12
11/27/2025,SYS,148.5,150,147,149.2,135000,29.14,5.12
11/28/2025,SYS,149.2,150.5,148,150.3,170000,29.35,5.12
11/24/2025,NESTLE,8000,8050,7950,8045,1500,75,107.27
11/25/2025,NESTLE,8045,8080,8000,8065,1450,75.19,107.27
11/26/2025,NESTLE,8065,8110,8030,8090,1600,75.42,107.27
11/27/2025,NESTLE,8090,8130,8050,8105,1350,75.56,107.27
11/28/2025,NESTLE,8105,8150,8070,8135,1700,75.84,107.27
11/24/2025,COLG,1260,1270,1255,1268,8000,40,31.7
11/25/2025,COLG,1268,1275,1262,1271.5,7800,40.11,31.7
11/26/2025,COLG,1271.5,1280,1265,1276.5,8500,40.27,31.7
11/27/2025,COLG,1276.5,1285,1270,1279.8,7500,40.37,31.7
11/28/2025,COLG,1279.8,1290,1275,1285,9000,40.54,31.7
11/24/2025,ATR,675,678,672,677.5,250000,15,45.17
11/25/2025,ATR,677.5,679.5,674,678.9,240000,15.03,45.17
11/26/2025,ATR,678.9,681.5,675.5,680.5,260000,15.07,45.17
11/27/2025,ATR,680.5,682.5,677,681.5,230000,15.09,45.17
11/28/2025,ATR,681.5,684,678.5,683.5,270000,15.13,45.17
11/24/2025,ATRL,540,542.5,538,541.9,150000,12,45.16
11/25/2025,ATRL,541.9,543.5,540,542.8,145000,12.02,45.16
11/26/2025,ATRL,542.8,544.8,541.5,544.2,160000,12.05,45.16
11/27/2025,ATRL,544.2,545.5,542.8,544.8,135000,12.06,45.16
11/28/2025,ATRL,544.8,546.5,543.5,546.1,170000,12.09,45.16
11/24/2025,KEL,5.6,5.65,5.55,5.64,15000000,10,0.56
11/25/2025,KEL,5.64,5.68,5.6,5.66,14500000,10.04,0.56
11/26/2025,KEL,5.66,5.72,5.63,5.7,16000000,10.11,0.56
11/27/2025,KEL,5.7,5.75,5.67,5.73,13500000,10.16,0.56
11/28/2025,KEL,5.73,5.78,5.7,5.76,17000000,10.21,0.56
11/24/2025,HASCOL,14,14.2,13.8,14.15,2500000,0,-1.5
11/25/2025,HASCOL,14.15,14.3,14,14.25,2400000,0,-1.5
11/26/2025,HASCOL,14.25,14.45,14.1,14.35,2600000,0,-1.5
11/27/2025,HASCOL,14.35,14.5,14.2,14.45,2200000,0,-1.5
11/28/2025,HASCOL,14.45,14.65,14.3,14.55,2800000,0,-1.5
11/24/2025,GLAXO,390,392,388,391.5,120000,19,20.61
11/25/2025,GLAXO,391.5,393.5,390,392.5,115000,19.04,20.61
11/26/2025,GLAXO,392.5,394.8,391,394,130000,19.12,20.61
11/27/2025,GLAXO,394,395.5,392.5,394.8,105000,19.16,20.61
11/28/2025,GLAXO,394.8,396.5,393.5,396.1,140000,19.22,20.61
11/24/2025,INIL,185,186.5,183.5,186.1,150000,10,18.61
11/25/2025,INIL,186.1,187.5,184.8,187,145000,10.05,18.61
11/26/2025,INIL,187,188.9,185.5,188.5,160000,10.13,18.61
11/27/2025,INIL,188.5,190,187,189.2,135000,10.17,18.61
11/28/2025,INIL,189.2,190.5,188,190.3,170000,10.23,18.61
11/24/2025,FFBL,38,38.5,37.5,38.4,1000000,7,5.49
11/25/2025,FFBL,38.4,38.8,38,38.65,950000,7.04,5.49
11/26/2025,FFBL,38.65,39.2,38.3,39,1100000,7.1,5.49
11/27/2025,FFBL,39,39.5,38.7,39.25,900000,7.15,5.49
11/28/2025,FFBL,39.25,39.8,38.9,39.6,1250000,7.21,5.49
11/24/2025,PAEL,52,52.5,51.5,52.4,1100000,10.5,4.99
11/25/2025,PAEL,52.4,52.8,52,52.6,1050000,10.54,4.99
11/26/2025,PAEL,52.6,53.2,52.3,53,1200000,10.62,4.99
11/27/2025,PAEL,53,53.4,52.7,53.2,980000,10.66,4.99
11/28/2025,PAEL,53.2,53.8,52.9,53.6,1350000,10.74,4.99
11/24/2025,ISL,92,92.8,91.5,92.5,600000,8.5,10.88
11/25/2025,ISL,92.5,93.2,92,92.9,580000,8.55,10.88
11/26/2025,ISL,92.9,93.8,92.5,93.5,650000,8.6,10.88
11/27/2025,ISL,93.5,94.2,93,93.8,520000,8.62,10.88
11/28/2025,ISL,93.8,94.8,93.5,94.5,680000,8.69,10.88
11/24/2025,BOP,33.5,33.9,33.2,33.8,2500000,8,4.22
11/25/2025,BOP,33.8,34.1,33.5,34,2400000,8.06,4.22
11/26/2025,BOP,34,34.4,33.7,34.3,2600000,8.13,4.22
11/27/2025,BOP,34.3,34.6,34,34.5,2200000,8.18,4.22
11/28/2025,BOP,34.5,34.9,34.2,34.8,2800000,8.25,4.22
11/24/2025,PTC,38.5,38.9,38.2,38.8,4500000,12.5,3.09
11/25/2025,PTC,38.8,39.1,38.5,39,4200000,12.62,3.09
11/26/2025,PTC,39,39.4,38.7,39.3,4800000,12.72,3.09
11/27/2025,PTC,39.3,39.6,39,39.45,4000000,12.77,3.09
11/28/2025,PTC,39.45,39.8,39.2,39.65,5100000,12.83,3.09
11/24/2025,FATIMA,137,138.5,136,138.1,550000,8,17.26
11/25/2025,FATIMA,138.1,139.5,137.2,138.9,520000,8.05,17.26
11/26/2025,FATIMA,138.9,140.5,138,140.2,600000,8.12,17.26
11/27/2025,FATIMA,140.2,141.5,139,140.9,480000,8.16,17.26
11/28/2025,FATIMA,140.9,142.5,140,142.1,650000,8.23,17.26
11/24/2025,ATLH,1450,1460,1445,1458,15000,22,66.27
11/25/2025,ATLH,1458,1465,1452,1461.5,14500,22.05,66.27
11/26/2025,ATLH,1461.5,1470,1455,1466.5,16000,22.13,66.27
11/27/2025,ATLH,1466.5,1475,1460,1469.8,13500,22.18,66.27
11/28/2025,ATLH,1469.8,1480,1465,1475,17000,22.26,66.27
11/24/2025,SEARL,103,104,102.5,103.8,350000,10,10.38
11/25/2025,SEARL,103.8,104.5,103.2,104.2,340000,10.04,10.38
11/26/2025,SEARL,104.2,105.2,103.7,104.8,370000,10.1,10.38
11/27/2025,SEARL,104.8,105.5,104.2,105.1,320000,10.13,10.38
11/28/2025,SEARL,105.1,106.2,104.7,105.8,390000,10.19,10.38
11/24/2025,ADAMJEE,77,77.5,76.5,77.4,450000,6.5,11.91
11/25/2025,ADAMJEE,77.4,77.8,77,77.65,420000,6.52,11.91
11/26/2025,ADAMJEE,77.65,78.2,77.3,78,480000,6.55,11.91
11/27/2025,ADAMJEE,78,78.5,77.6,78.25,390000,6.57,11.91
11/28/2025,ADAMJEE,78.25,78.8,77.8,78.6,550000,6.6,11.91
11/24/2025,PIBT,15,15.2,14.8,15.15,8000000,11,1.38
11/25/2025,PIBT,15.15,15.3,15,15.25,7800000,11.05,1.38
11/26/2025,PIBT,15.25,15.45,15.1,15.4,8500000,11.16,1.38
11/27/2025,PIBT,15.4,15.55,15.25,15.48,7500000,11.22,1.38
11/28/2025,PIBT,15.48,15.65,15.35,15.58,9000000,11.29,1.38
11/24/2025,KOHT,58,58.5,57.5,58.4,250000,5,11.68
11/25/2025,KOHT,58.4,58.8,58,58.65,240000,5.02,11.68
11/26/2025,KOHT,58.65,59.2,58.3,59,260000,5.05,11.68
11/27/2025,KOHT,59,59.5,58.7,59.25,220000,5.07,11.68
11/28/2025,KOHT,59.25,59.8,58.9,59.6,280000,5.1,11.68
11/24/2025,UPFL,29300,29450,29200,29400,800,85,345.88
11/25/2025,UPFL,29400,29500,29300,29450,780,85.15,345.88
11/26/2025,UPFL,29450,29600,29350,29550,850,85.44,345.88
11/27/2025,UPFL,29550,29680,29450,29600,750,85.58,345.88
11/28/2025,UPFL,29600,29750,29500,29700,900,85.86,345.88
11/24/2025,MCB,350,351.5,348.5,351.2,750000,6.9,50.87
11/25/2025,MCB,351.2,352.5,350,351.9,720000,6.92,50.87
11/26/2025,MCB,351.9,353.9,350.8,353.5,780000,6.95,50.87
11/27/2025,MCB,353.5,354.5,352,354.2,690000,6.96,50.87
11/28/2025,MCB,354.2,355.8,353,355.5,850000,6.99,50.87
11/24/2025,ABL,175,176.5,173.5,176.1,450000,5.5,32.02
11/25/2025,ABL,176.1,177.5,174.8,176.8,420000,5.52,32.02
11/26/2025,ABL,176.8,178.5,175.5,178,480000,5.56,32.02
11/27/2025,ABL,178,179.5,176.5,178.5,390000,5.57,32.02
11/28/2025,ABL,178.5,180,177.5,179.8,550000,5.61,32.02
11/24/2025,PKOL,615,618,612,617.5,250000,8.5,72.65
11/25/2025,PKOL,617.5,619.5,614,618.9,240000,8.52,72.65
11/26/2025,PKOL,618.9,621.5,615.5,620.5,260000,8.54,72.65
11/27/2025,PKOL,620.5,622.5,617,621.5,230000,8.55,72.65
11/28/2025,PKOL,621.5,624,618.5,623.5,270000,8.58,72.65
11/24/2025,SYS,145,146.5,143.5,146.1,150000,28.5,5.12
11/25/2025,SYS,146.1,147.5,144.8,147,145000,28.69,5.12
11/26/2025,SYS,147,148.9,145.5,148.5,160000,29,5.12
11/27/2025,SYS,148.5,150,147,149.2,135000,29.14,5.12
11/28/2025,SYS,149.2,150.5,148,150.3,170000,29.35,5.12
11/24/2025,BAFL,102,102.8,101.5,102.5,1500000,4.2,24.4
11/25/2025,BAFL,102.5,103.2,102,102.9,1450000,4.22,24.4
11/26/2025,BAFL,102.9,103.9,102.5,103.5,1600000,4.24,24.4
11/27/2025,BAFL,103.5,104.2,103,103.8,1350000,4.25,24.4
11/28/2025,BAFL,103.8,104.8,103.5,104.5,1700000,4.28,24.4
11/24/2025,CHCC,320,322,318,321.5,250000,7,45.93
11/25/2025,CHCC,321.5,323,320,322.5,240000,7.02,45.93
11/26/2025,CHCC,322.5,324.5,321,324,260000,7.05,45.93
11/27/2025,CHCC,324,325.5,322.5,324.8,220000,7.07,45.93
11/28/2025,CHCC,324.8,326.5,323.5,326,280000,7.1,45.93
11/24/2025,KOHC,100,101,99.5,100.8,450000,8.5,11.86
11/25/2025,KOHC,100.8,101.5,100.2,101.2,420000,8.53,11.86
11/26/2025,KOHC,101.2,102.2,100.7,101.8,480000,8.58,11.86
11/27/2025,KOHC,101.8,102.5,101.2,102.1,390000,8.61,11.86
11/28/2025,KOHC,102.1,103.2,101.7,102.8,550000,8.67,11.86
11/24/2025,DCR,32,32.3,31.8,32.25,1500000,9,3.58
11/25/2025,DCR,32.25,32.5,32,32.4,1450000,9.05,3.58
11/26/2025,DCR,32.4,32.7,32.15,32.6,1600000,9.11,3.58
11/27/2025,DCR,32.6,32.85,32.3,32.75,1350000,9.15,3.58
11/28/2025,DCR,32.75,33,32.5,32.95,1700000,9.21,3.58
11/24/2025,AGP,180,181.5,178.5,181.1,150000,15,12.07
11/25/2025,AGP,181.1,182.5,180,181.9,145000,15.07,12.07
11/26/2025,AGP,181.9,183.9,180.8,183.5,160000,15.2,12.07
11/27/2025,AGP,183.5,184.5,182,184,135000,15.24,12.07
11/28/2025,AGP,184,185.5,183,185.1,170000,15.34,12.07
11/24/2025,ISL,92,92.8,91.5,92.5,600000,8.5,10.88
11/25/2025,ISL,92.5,93.2,92,92.9,580000,8.55,10.88
11/26/2025,ISL,92.9,93.8,92.5,93.5,650000,8.6,10.88
11/27/2025,ISL,93.5,94.2,93,93.8,520000,8.62,10.88
11/28/2025,ISL,93.8,94.8,93.5,94.5,680000,8.69,10.88
11/24/2025,INTR,75,75.5,74.5,75.4,800000,11.5,6.56
11/25/2025,INTR,75.4,75.8,75,75.65,780000,11.53,6.56
11/26/2025,INTR,75.65,76.2,75.3,76,850000,11.58,6.56
11/27/2025,INTR,76,76.5,75.7,76.25,750000,11.62,6.56
11/28/2025,INTR,76.25,76.8,75.9,76.6,900000,11.68,6.56
11/24/2025,GATM,340,342,338,341.5,120000,9,37.94
11/25/2025,GATM,341.5,343,340,342.5,115000,9.03,37.94
11/26/2025,GATM,342.5,344.5,341,344,130000,9.07,37.94
11/27/2025,GATM,344,345.5,342.5,344.8,105000,9.09,37.94
11/28/2025,GATM,344.8,346.5,343.5,346,140000,9.12,37.94
11/24/2025,NATF,380,382,378,381.5,95000,12,31.8
11/25/2025,NATF,381.5,383,380,382.5,91000,12.03,31.8
11/26/2025,NATF,382.5,384.5,381,384,102000,12.08,31.8
11/27/2025,NATF,384,385.5,382.5,384.8,85000,12.1,31.8
11/28/2025,NATF,384.8,386.5,383.5,386,110000,12.14,31.8
11/24/2025,CENNERGY,7.8,7.9,7.7,7.88,10000000,0,-0.5
11/25/2025,CENNERGY,7.88,7.95,7.8,7.92,9500000,0,-0.5
11/26/2025,CENNERGY,7.92,8.02,7.85,8,11000000,0,-0.5
11/27/2025,CENNERGY,8,8.1,7.9,8.05,9000000,0,-0.5
11/28/2025,CENNERGY,8.05,8.18,7.95,8.12,12500000,0,-0.5
11/24/2025,PIONEER,325,327,323,326.5,150000,15,21.77
11/25/2025,PIONEER,326.5,328,325,327.5,145000,15.04,21.77
11/26/2025,PIONEER,327.5,329.5,326,329,160000,15.11,21.77
11/27/2025,PIONEER,329,330.5,327.5,329.8,135000,15.15,21.77
11/28/2025,PIONEER,329.8,331.5,328.5,331,170000,15.2,21.77
11/24/2025,SAZGAR,1700,1710,1690,1708,8000,25,68.32
11/25/2025,SAZGAR,1708,1715,1700,1711.5,7800,25.05,68.32
11/26/2025,SAZGAR,1711.5,1720,1705,1716.5,8500,25.12,68.32
11/27/2025,SAZGAR,1716.5,1725,1710,1719.8,7500,25.17,68.32
11/28/2025,SAZGAR,1719.8,1730,1715,1725,9000,25.25,68.32
11/24/2025,MILT,505,508,502,507.5,65000,10,50.75
11/25/2025,MILT,507.5,509.5,504,508.9,62000,10.03,50.75
11/26/2025,MILT,508.9,511.5,505.5,510.5,68000,10.06,50.75
11/27/2025,MILT,510.5,512.5,507,511.5,59000,10.08,50.75
11/28/2025,MILT,511.5,514,508.5,513.5,75000,10.12,50.75
11/24/2025,UNITY,22,22.4,21.8,22.35,4000000,15,1.49
11/25/2025,UNITY,22.35,22.6,22.1,22.5,3800000,15.1,1.49
11/26/2025,UNITY,22.5,22.8,22.3,22.7,4200000,15.23,1.49
11/27/2025,UNITY,22.7,23,22.5,22.85,3600000,15.34,1.49
11/28/2025,UNITY,22.85,23.15,22.65,23.05,4500000,15.47,1.49
11/24/2025,FNEL,24,24.5,23.8,24.4,12000000,6,4.07
11/25/2025,FNEL,24.4,24.8,24.1,24.65,11500000,6.06,4.07
11/26/2025,FNEL,24.65,25.1,24.3,24.9,13000000,6.12,4.07
11/27/2025,FNEL,24.9,25.3,24.6,25.15,10500000,6.18,4.07
11/28/2025,FNEL,25.15,25.5,24.8,25.4,14000000,6.24,4.07
11/24/2025,PIAHCLA,33,33.5,32.8,33.4,8500000,0,-5.5
11/25/2025,PIAHCLA,33.4,33.8,33.1,33.65,8100000,0,-5.5
11/26/2025,PIAHCLA,33.65,34.1,33.3,33.9,9200000,0,-5.5
11/27/2025,PIAHCLA,33.9,34.3,33.6,34.15,7800000,0,-5.5
11/28/2025,PIAHCLA,34.15,34.6,33.8,34.4,9800000,0,-5.5
11/24/2025,BECO,7,7.15,6.9,7.1,7500000,0,-0.5
11/25/2025,BECO,7.1,7.2,7,7.15,7200000,0,-0.5
11/26/2025,BECO,7.15,7.3,7.05,7.25,7800000,0,-0.5
11/27/2025,BECO,7.25,7.4,7.15,7.3,6900000,0,-0.5
11/28/2025,BECO,7.3,7.5,7.2,7.4,8500000,0,-0.5
11/24/2025,PRL,37,37.5,36.8,37.4,4500000,0,-1.25
11/25/2025,PRL,37.4,37.8,37.1,37.6,4200000,0,-1.25
11/26/2025,PRL,37.6,38.1,37.3,37.9,4800000,0,-1.25
11/27/2025,PRL,37.9,38.3,37.6,38.1,4000000,0,-1.25
11/28/2025,PRL,38.1,38.6,37.8,38.4,5100000,0,-1.25
11/24/2025,TELE,11.5,11.8,11.4,11.75,5500000,0,-0.8
11/25/2025,TELE,11.75,11.9,11.6,11.85,5200000,0,-0.8
11/26/2025,TELE,11.85,12,11.7,11.95,5800000,0,-0.8
11/27/2025,TELE,11.95,12.15,11.8,12.05,4900000,0,-0.8
11/28/2025,TELE,12.05,12.3,11.9,12.2,6200000,0,-0.8
11/24/2025,GCWL,19,19.3,18.8,19.25,4500000,5.5,3.5
11/25/2025,GCWL,19.25,19.5,19,19.4,4200000,5.54,3.5
11/26/2025,GCWL,19.4,19.7,19.15,19.6,4800000,5.6,3.5
11/27/2025,GCWL,19.6,19.9,19.3,19.75,4000000,5.64,3.5
11/28/2025,GCWL,19.75,20.1,19.45,19.95,5100000,5.7,3.5
11/24/2025,DSIL,13.5,13.8,13.4,13.75,3500000,0,-0.55
11/25/2025,DSIL,13.75,14,13.6,13.9,3200000,0,-0.55
11/26/2025,DSIL,13.9,14.2,13.75,14.1,3800000,0,-0.55
11/27/2025,DSIL,14.1,14.35,13.9,14.2,3000000,0,-0.55
11/28/2025,DSIL,14.2,14.5,14,14.35,4100000,0,-0.55
11/24/2025,GGL,26,26.5,25.8,26.4,2500000,7,3.77
11/25/2025,GGL,26.4,26.7,26.1,26.6,2400000,7.06,3.77
11/26/2025,GGL,26.6,27,26.3,26.9,2600000,7.13,3.77
11/27/2025,GGL,26.9,27.3,26.6,27.1,2200000,7.19,3.77
11/28/2025,GGL,27.1,27.5,26.8,27.35,2800000,7.25,3.77
11/24/2025,IBLHL,80,80.8,79.5,80.6,1800000,12,6.72
11/25/2025,IBLHL,80.6,81.2,80,80.95,1750000,12.05,6.72
11/26/2025,IBLHL,80.95,81.7,80.3,81.5,1900000,12.13,6.72
11/27/2025,IBLHL,81.5,82.2,80.8,81.85,1600000,12.18,6.72
11/28/2025,IBLHL,81.85,82.5,81.2,82.3,2000000,12.25,6.72
11/24/2025,TPL,7.5,7.65,7.4,7.62,2500000,15,0.51
11/25/2025,TPL,7.62,7.7,7.5,7.68,2400000,15.06,0.51
11/26/2025,TPL,7.68,7.8,7.55,7.75,2600000,15.2,0.51
11/27/2025,TPL,7.75,7.85,7.65,7.8,2200000,15.29,0.51
11/28/2025,TPL,7.8,7.95,7.7,7.9,2800000,15.49,0.51
11/24/2025,OBOY,9,9.2,8.8,9.15,3500000,0,-0.3
11/25/2025,OBOY,9.15,9.3,9,9.25,3200000,0,-0.3
11/26/2025,OBOY,9.25,9.45,9.1,9.4,3800000,0,-0.3
11/27/2025,OBOY,9.4,9.6,9.25,9.5,3000000,0,-0.3
11/28/2025,OBOY,9.5,9.7,9.35,9.65,4100000,0,-0.3
11/24/2025,TPLP,11,11.2,10.8,11.15,1500000,10,1.12
11/25/2025,TPLP,11.15,11.3,11,11.25,1450000,10.09,1.12
11/26/2025,TPLP,11.25,11.45,11.1,11.4,1600000,10.22,1.12
11/27/2025,TPLP,11.4,11.6,11.25,11.5,1350000,10.29,1.12
11/28/2025,TPLP,11.5,11.75,11.35,11.65,1700000,10.42,1.12
11/24/2025,KOSM,7,7.15,6.9,7.1,1200000,0,-0.2
11/25/2025,KOSM,7.1,7.2,7,7.15,1150000,0,-0.2
11/26/2025,KOSM,7.15,7.3,7.05,7.25,1300000,0,-0.2
11/27/2025,KOSM,7.25,7.4,7.15,7.3,1050000,0,-0.2
11/28/2025,KOSM,7.3,7.5,7.2,7.4,1400000,0,-0.2
11/24/2025,PASL,3.4,3.5,3.35,3.48,8000000,0,-0.45
11/25/2025,PASL,3.48,3.55,3.4,3.52,7800000,0,-0.45
11/26/2025,PASL,3.52,3.6,3.45,3.56,8500000,0,-0.45
11/27/2025,PASL,3.56,3.65,3.5,3.59,7500000,0,-0.45
11/28/2025,PASL,3.59,3.7,3.55,3.64,9000000,0,-0.45
11/24/2025,TREET,32,32.5,31.8,32.4,1500000,0,-1.1
11/25/2025,TREET,32.4,32.8,32.1,32.65,1450000,0,-1.1
11/26/2025,TREET,32.65,33.1,32.3,32.9,1600000,0,-1.1
11/27/2025,TREET,32.9,33.3,32.6,33.15,1350000,0,-1.1
11/28/2025,TREET,33.15,33.6,32.8,33.4,1700000,0,-1.1
11/24/2025,CWSM,44.5,45,44.2,44.9,1000000,8,5.61
11/25/2025,CWSM,44.9,45.3,44.5,45.15,950000,8.05,5.61
11/26/2025,CWSM,45.15,45.7,44.8,45.5,1100000,8.11,5.61
11/27/2025,CWSM,45.5,46,45.2,45.75,900000,8.16,5.61
22025-11-28,CWSM,45.75,46.3,45.4,46.1,1250000,8.22,5.61
11/24/2025,AMTEX,4.8,4.95,4.75,4.9,6500000,0,-0.35
11/25/2025,AMTEX,4.9,5,4.85,4.95,6200000,0,-0.35
11/26/2025,AMTEX,4.95,5.1,4.9,5.05,6800000,0,-0.35
11/27/2025,AMTEX,5.05,5.2,5,5.1,5800000,0,-0.35
11/28/2025,AMTEX,5.1,5.25,5.05,5.2,7200000,0,-0.35
11/24/2025,SGPL,18,18.3,17.8,18.25,3500000,5,3.65
11/25/2025,SGPL,18.25,18.5,18,18.4,3200000,5.04,3.65
11/26/2025,SGPL,18.4,18.7,18.2,18.6,3800000,5.09,3.65
11/27/2025,SGPL,18.6,18.9,18.4,18.75,3000000,5.14,3.65
11/28/2025,SGPL,18.75,19.1,18.55,18.95,4100000,5.2,3.65
11/24/2025,FCSC,7,7.15,6.9,7.1,4500000,0,-0.8
11/25/2025,FCSC,7.1,7.2,7,7.15,4200000,0,-0.8
,,,,,,,,
